nazev;cena;jednotka;kategorie;kategorie_orig
Info tab.AL Objek střežen kamerou;43.967;ks;TAB;TAB
Info tabulky  Zákat kouření areál;50.0;ks;TAB;TAB
Info tabulky samolepící/PVC;0.0;ks;TAB;TAB
Info. tabulka 7,5x10,5cm HP+text;8.017;ks;TAB;TAB
Info.PVC-210x87mm (nepov.vstup zak);21.405;ks;TAB;TAB
Info.PVC-210x87mm (zák.kouř.a man.);22.231;ks;TAB;TAB
Info.PVC-210x87mm (únik.vých.text);6.364;ks;TAB;TAB
Info.PVC-285x210mm (zákaz vstupu);21.405;ks;TAB;TAB
Info.plast Zák.kouř 5cm 210*297;22.066;ks;TAB;TAB
Info.plast.Zák.kouř 5cm 350*165;26.033;ks;TAB;TAB
Info.sam.Zák.kouř 5cm 210*297;26.033;ks;TAB;TAB
Info.sam.Zák.kouř 5cm 210*297 INV.;33.802;ks;TAB;TAB
Info.sam.Zák.kouř 5cm 350*165;26.033;ks;TAB;TAB
Info.sam.Zák.kouř 5cm 350*165 INV;33.802;ks;TAB;TAB
Info.samolep. (HP);12.314;ks;TAB;TAB
Info.samolep. prum.200mm (hydrant);20.992;ks;TAB;TAB
Info.samolep. prum.210x87mm (HUP);20.992;ks;TAB;TAB
Info.samolep.150x150mm (HP/HY/Hl.);15.289;ks;TAB;TAB
Info.samolep.210x 87mm (prac.s ZPN);10.579;ks;TAB;TAB
Info.samolep.210x 87mm (Ú.v.text);10.661;ks;TAB;TAB
Info.samolep.210x123mm (ú.v.vlevo);14.876;ks;TAB;TAB
Info.samolep.210x123mm (ú.v.vpravo);14.876;ks;TAB;TAB
Info.samolep.210x150mm (plyn.kotel);14.628;ks;TAB;TAB
Info.samolep.210x290mm (hydrant);42.727;ks;TAB;TAB
Info.samolep.250x100mm-zák.kouř+pl.;17.025;ks;TAB;TAB
"Info.tab.PVC ""Zákaz kouření a vst";19.174;ks;TAB;TAB
Info.tab.PVC 21x7,5 Za PO odpovídá;6.364;ks;TAB;TAB
Info.tab.PVC-210x 87mm (únik.žebř.);6.281;ks;TAB;TAB
Info.tab.PVC-210x123mm (ú.sch.l.d);8.843;ks;TAB;TAB
Info.tab.PVC-210x123mm (ú.sch.l.n);8.926;ks;TAB;TAB
Info.tab.PVC-210x123mm (ú.sch.p.d);8.843;ks;TAB;TAB
Info.tab.PVC-210x123mm (ú.sch.p.n);8.926;ks;TAB;TAB
Info.tab.PVC-210x123mm (ú.v.vlevo);8.843;ks;TAB;TAB
Info.tab.PVC-210x123mm (ú.v.vparvo);8.843;ks;TAB;TAB
Info.tab.PVC-210x210mm (šipka);12.645;ks;TAB;TAB
Info.tab.PVC-420x297mm (PPS);37.851;ks;TAB;TAB
Info.tab.PVC21x7,5 Za BOZP odpovídá;6.364;ks;TAB;TAB
"Info.tab.smalt 29,5x21 ""H""";183.223;ks;TAB;TAB
Tabulka FOTOLUM. - šipka nášlapná;52.81;ks;TAB;TAB
"Tabulka smalt. 29,5x10 ""HYDRANT""";100.826;ks;TAB;TAB
